year,award_type,win_type,contributor_name,movie_name
1990,actress,winner,Kathy Bates,Misery
1990,actress,nominee,Anjelica Huston,The Grifters
1990,actress,nominee,Julia Roberts,Pretty Woman
1990,actress,nominee,Meryl Streep,Postcards from the Edge
1990,actress,nominee,Joanne Woodward,Mr. & Mrs. Bridge
1991,actress,nominee,Geena Davis,Thelma & Louise
1991,actress,nominee,Laura Dern,Rambling Rose
1991,actress,winner,Jodie Foster,The Silence of the Lambs
1991,actress,nominee,Bette Midler,For the Boys
1991,actress,nominee,Susan Sarandon,Thelma & Louise
1992,actress,nominee,Catherine Deneuve,Indochine
1992,actress,nominee,Mary McDonnell,Passion Fish
1992,actress,nominee,Michelle Pfeiffer,Love Field
1992,actress,nominee,Susan Sarandon,Lorenzo's Oil
1992,actress,winner,Emma Thompson,Howards End
1993,actress,nominee,Angela Bassett,What's Love Got to Do with It
1993,actress,nominee,Stockard Channing,Six Degrees of Separation
1993,actress,winner,Holly Hunter,The Piano
1993,actress,nominee,Emma Thompson,The Remains of the Day
1993,actress,nominee,Debra Winger,Shadowlands
1994,actress,nominee,Jodie Foster,Nell
1994,actress,winner,Jessica Lange,Blue Sky
1994,actress,nominee,Miranda Richardson,Tom & Viv
1994,actress,nominee,Winona Ryder,Little Women
1994,actress,nominee,Susan Sarandon,The Client
1995,actress,winner,Susan Sarandon,Dead Man Walking
1995,actress,nominee,Elisabeth Shue,Leaving Las Vegas
1995,actress,nominee,Sharon Stone,Casino
1995,actress,nominee,Meryl Streep,The Bridges of Madison County
1995,actress,nominee,Emma Thompson,Sense and Sensibility
1996,actress,nominee,Brenda Blethyn,Secrets & Lies
1996,actress,nominee,Diane Keaton,Marvin's Room
1996,actress,winner,Frances McDormand,Fargo
1996,actress,nominee,Kristin Scott Thomas,The English Patient
1996,actress,nominee,Emily Watson,Breaking the Waves
1997,actress,nominee,Helena Bonham Carter,The Wings of the Dove
1997,actress,nominee,Julie Christie,Afterglow
1997,actress,nominee,Judi Dench,Mrs. Brown
1997,actress,winner,Helen Hunt,As Good as It Gets
1997,actress,nominee,Kate Winslet,Titanic
1998,actress,nominee,Cate Blanchett,Elizabeth
1998,actress,nominee,Fernanda Montenegro,Central Station
1998,actress,winner,Gwyneth Paltrow,Shakespeare in Love
1998,actress,nominee,Meryl Streep,One True Thing
1998,actress,nominee,Emily Watson,Hilary and Jackie
1999,actress,nominee,Annette Bening,American Beauty
1999,actress,nominee,Janet McTeer,Tumbleweeds
1999,actress,nominee,Julianne Moore,The End of the Affair
1999,actress,nominee,Meryl Streep,Music of the Heart
1999,actress,winner,Hilary Swank,Boys Don't Cry
2000,actress,nominee,Joan Allen,The Contender
2000,actress,nominee,Juliette Binoche,Chocolat
2000,actress,nominee,Ellen Burstyn,Requiem for a Dream
2000,actress,nominee,Laura Linney,You Can Count on Me
2000,actress,winner,Julia Roberts,Erin Brockovich
2001,actress,winner,Halle Berry,Monster's Ball
2001,actress,nominee,Judi Dench,Iris
2001,actress,nominee,Nicole Kidman,Moulin Rouge
2001,actress,nominee,Sissy Spacek,In the Bedroom
2001,actress,nominee,Renée Zellweger,Bridget Jones's Diary
2002,actress,nominee,Salma Hayek,Frida
2002,actress,winner,Nicole Kidman,The Hours
2002,actress,nominee,Diane Lane,Unfaithful
2002,actress,nominee,Julianne Moore,Far from Heaven
2002,actress,nominee,Renée Zellweger,Chicago
2003,actress,nominee,Keisha Castle-Hughes,Whale Rider
2003,actress,nominee,Diane Keaton,Something's Gotta Give
2003,actress,nominee,Samantha Morton,In America
2003,actress,winner,Charlize Theron,Monster
2003,actress,nominee,Naomi Watts,21 Grams
2004,actress,nominee,Annette Bening,Being Julia
2004,actress,nominee,Catalina Sandino Moreno,Maria Full of Grace
2004,actress,nominee,Imelda Staunton,Vera Drake
2004,actress,winner,Hilary Swank,Million Dollar Baby
2004,actress,nominee,Kate Winslet,Eternal Sunshine of the Spotless Mind
2005,actress,nominee,Judi Dench,Mrs. Henderson Presents
2005,actress,nominee,Felicity Huffman,Transamerica
2005,actress,nominee,Keira Knightley,Pride & Prejudice
2005,actress,nominee,Charlize Theron,North Country
2005,actress,winner,Reese Witherspoon,Walk the Line
2006,actress,nominee,Penélope Cruz,Volver
2006,actress,nominee,Judi Dench,Notes on a Scandal
2006,actress,winner,Helen Mirren,The Queen
2006,actress,nominee,Meryl Streep,The Devil Wears Prada
2006,actress,nominee,Kate Winslet,Little Children
2007,actress,nominee,Cate Blanchett,Elizabeth: The Golden Age
2007,actress,nominee,Julie Christie,Away from Her
2007,actress,winner,Marion Cotillard,La Vie en Rose
2007,actress,nominee,Laura Linney,The Savages
2007,actress,nominee,Ellen Page,Juno
2008,actress,nominee,Anne Hathaway,Rachel Getting Married
2008,actress,nominee,Angelina Jolie,Changeling
2008,actress,nominee,Melissa Leo,Frozen River
2008,actress,nominee,Meryl Streep,Doubt
2008,actress,winner,Kate Winslet,The Reader
2009,actress,winner,Sandra Bullock,The Blind Side
2009,actress,nominee,Helen Mirren,The Last Station
2009,actress,nominee,Carey Mulligan,An Education
2009,actress,nominee,Gabourey Sidibe,Precious: Based on the Novel 'Push' by Sapphire
2009,actress,nominee,Meryl Streep,Julie & Julia
2010,actress,nominee,Annette Bening,The Kids Are All Right
2010,actress,nominee,Nicole Kidman,Rabbit Hole
2010,actress,nominee,Jennifer Lawrence,Winter's Bone
2010,actress,winner,Natalie Portman,Black Swan
2010,actress,nominee,Michelle Williams,Blue Valentine
2011,actress,nominee,Glenn Close,Albert Nobbs
2011,actress,nominee,Viola Davis,The Help
2011,actress,nominee,Rooney Mara,The Girl with the Dragon Tattoo
2011,actress,winner,Meryl Streep,The Iron Lady
2011,actress,nominee,Michelle Williams,My Week with Marilyn
2012,actress,nominee,Jessica Chastain,Zero Dark Thirty
2012,actress,winner,Jennifer Lawrence,Silver Linings Playbook
2012,actress,nominee,Emmanuelle Riva,Amour
2012,actress,nominee,Quvenzhané Wallis,Beasts of the Southern Wild
2012,actress,nominee,Naomi Watts,The Impossible
2013,actress,nominee,Amy Adams,American Hustle
2013,actress,winner,Cate Blanchett,Blue Jasmine
2013,actress,nominee,Sandra Bullock,Gravity
2013,actress,nominee,Judi Dench,Philomena
2013,actress,nominee,Meryl Streep,August: Osage County
1990,actors,nominee,Kevin Costner,Dances With Wolves
1990,actors,nominee,Robert De Niro,Awakenings
1990,actors,nominee,Gerard Depardieu,Cyrano de Bergerac
1990,actors,nominee,Richard Harris,The Field
1990,actors,winner,Jeremy Irons,Reversal of Fortune
1991,actors,nominee,Warren Beatty,Bugsy
1991,actors,nominee,Robert De Niro,Cape Fear
1991,actors,winner,Anthony Hopkins,The Silence of the Lambs
1991,actors,nominee,Nick Nolte,The Prince of Tides
1991,actors,nominee,Robin Williams,The Fisher King
1992,actors,nominee,Robert Downey Jr.,Chaplin
1992,actors,nominee,Clint Eastwood,Unforgiven
1992,actors,winner,Al Pacino,Scent of a Woman
1992,actors,nominee,Stephen Rea,The Crying Game
1992,actors,nominee,Denzel Washington,Malcolm X
1993,actors,nominee,Daniel Day-Lewis,In the Name of the Father
1993,actors,nominee,Laurence Fishburne,What's Love Got to Do with It
1993,actors,winner,Tom Hanks,Philadelphia
1993,actors,nominee,Anthony Hopkins,The Remains of the Day
1993,actors,nominee,Liam Neeson,Schindler's List
1994,actors,nominee,Morgan Freeman,The Shawshank Redemption
1994,actors,winner,Tom Hanks,Forrest Gump
1994,actors,nominee,Nigel Hawthorne,The Madness of King George
1994,actors,nominee,Paul Newman,Nobody's Fool
1994,actors,nominee,John Travolta,Pulp Fiction
1995,actors,winner,Nicolas Cage,Leaving Las Vegas
1995,actors,nominee,Richard Dreyfuss,Mr. Holland's Opus
1995,actors,nominee,Anthony Hopkins,Nixon
1995,actors,nominee,Sean Penn,Dead Man Walking
1995,actors,nominee,Massimo Troisi,The Postman (Il Postino)
1996,actors,nominee,Tom Cruise,Jerry Maguire
1996,actors,nominee,Ralph Fiennes,The English Patient
1996,actors,nominee,Woody Harrelson,The People vs. Larry Flynt
1996,actors,winner,Geoffrey Rush,Shine
1996,actors,nominee,Billy Bob Thornton,Sling Blade
1997,actors,nominee,Matt Damon,Good Will Hunting
1997,actors,nominee,Robert Duvall,The Apostle
1997,actors,nominee,Peter Fonda,Ulee's Gold
1997,actors,nominee,Dustin Hoffman,Wag the Dog
1997,actors,winner,Jack Nicholson,As Good as It Gets
1998,actors,winner,Roberto Benigni,Life Is Beautiful
1998,actors,nominee,Tom Hanks,Saving Private Ryan
1998,actors,nominee,Ian McKellen,Gods and Monsters
1998,actors,nominee,Nick Nolte,Affliction
1998,actors,nominee,Edward Norton,American History X
1999,actors,nominee,Russell Crowe,The Insider
1999,actors,nominee,Richard Farnsworth,The Straight Story
1999,actors,nominee,Sean Penn,Sweet and Lowdown
1999,actors,winner,Kevin Spacey,American Beauty
1999,actors,nominee,Denzel Washington,The Hurricane
2000,actors,nominee,Javier Bardem,Before Night Falls
2000,actors,winner,Russell Crowe,Gladiator
2000,actors,nominee,Tom Hanks,Cast Away
2000,actors,nominee,Ed Harris,Pollock
2000,actors,nominee,Geoffrey Rush,Quills
2001,actors,nominee,Russell Crowe,A Beautiful Mind
2001,actors,nominee,Sean Penn,I Am Sam
2001,actors,nominee,Will Smith,Ali
2001,actors,winner,Denzel Washington,Training Day
2001,actors,nominee,Tom Wilkinson,In the Bedroom
2002,actors,winner,Adrien Brody,The Pianist
2002,actors,nominee,Nicolas Cage,Adaptation
2002,actors,nominee,Michael Caine,The Quiet American
2002,actors,nominee,Daniel Day-Lewis,Gangs of New York
2002,actors,nominee,Jack Nicholson,About Schmidt
2003,actors,nominee,Johnny Depp,Pirates of the Caribbean: The Curse of the Black Pearl
2003,actors,nominee,Ben Kingsley,House of Sand and Fog
2003,actors,nominee,Jude Law,Cold Mountain
2003,actors,nominee,Bill Murray,Lost in Translation
2003,actors,winner,Sean Penn,Mystic River
2004,actors,nominee,Don Cheadle,Hotel Rwanda
2004,actors,nominee,Johnny Depp,Finding Neverland
2004,actors,nominee,Leonardo DiCaprio,The Aviator
2004,actors,nominee,Clint Eastwood,Million Dollar Baby
2004,actors,winner,Jamie Foxx,Ray
2005,actors,winner,Philip Seymour Hoffman,Capote
2005,actors,nominee,Terrence Howard,Hustle & Flow
2005,actors,nominee,Heath Ledger,Brokeback Mountain
2005,actors,nominee,Joaquin Phoenix,Walk the Line
2005,actors,nominee,David Strathairn,"Good Night, and Good Luck."
2006,actors,nominee,Leonardo DiCaprio,Blood Diamond
2006,actors,nominee,Ryan Gosling,Half Nelson
2006,actors,nominee,Peter OToole,Venus
2006,actors,nominee,Will Smith,The Pursuit of Happyness
2006,actors,winner,Forest Whitaker,The Last King of Scotland
2007,actors,nominee,George Clooney,Michael Clayton
2007,actors,winner,Daniel Day-Lewis,There Will Be Blood
2007,actors,nominee,Johnny Depp,Sweeney Todd The Demon Barber of Fleet Street
2007,actors,nominee,Tommy Lee Jones,In the Valley of Elah
2007,actors,nominee,Viggo Mortensen,Eastern Promises
2008,actors,nominee,Richard Jenkins,The Visitor
2008,actors,nominee,Frank Langella,Frost/Nixon
2008,actors,winner,Sean Penn,Milk
2008,actors,nominee,Brad Pitt,The Curious Case of Benjamin Button
2008,actors,nominee,Mickey Rourke,The Wrestler
2009,actors,winner,Jeff Bridges,Crazy Heart
2009,actors,nominee,George Clooney,Up in the Air
2009,actors,nominee,Colin Firth,A Single Man
2009,actors,nominee,Morgan Freeman,Invictus
2009,actors,nominee,Jeremy Renner,The Hurt Locker
2010,actors,nominee,Javier Bardem,Biutiful
2010,actors,nominee,Jeff Bridges,True Grit
2010,actors,nominee,Jesse Eisenberg,The Social Network
2010,actors,winner,Colin Firth,The King's Speech
2010,actors,nominee,James Franco,127 Hours
2011,actors,nominee,Demián Bichir,A Better Life
2011,actors,nominee,George Clooney,The Descendants
2011,actors,winner,Jean Dujardin,The Artist
2011,actors,nominee,Gary Oldman,Tinker Tailor Soldier Spy
2011,actors,nominee,Brad Pitt,Moneyball
2012,actors,nominee,Bradley Cooper,Silver Linings Playbook
2012,actors,winner,Daniel Day-Lewis,Lincoln
2012,actors,nominee,Hugh Jackman,Les Misérables
2012,actors,nominee,Joaquin Phoenix,The Master
2012,actors,nominee,Denzel Washington,Flight
2013,actors,nominee,Christian Bale,American Hustle
2013,actors,nominee,Bruce Dern,Nebraska
2013,actors,nominee,Leonardo DiCaprio,The Wolf of Wall Street
2013,actors,nominee,Chiwetel Ejiofor,12 Years a Slave
2013,actors,winner,Matthew McConaughey,Dallas Buyers Club
1990,writing,nominee,Steven Zaillian,Awakenings
1990,writing,winner,Michael Blake,Dances With Wolves
1990,writing,nominee,"Nicholas Pileggi, Martin Scorsese",Good Fellas
1990,writing,nominee,Donald E. Westlake,The Grifters
1990,writing,nominee,Nicholas Kazan,Reversal of Fortune
1990,writing,nominee,Woody Allen,Alice
1990,writing,nominee,Barry Levinson,Avalon
1990,writing,winner,Bruce Joel Rubin,Ghost
1990,writing,nominee,Peter Weir,Green Card
1990,writing,nominee,Whit Stillman,Metropolitan
1991,writing,nominee,Agnieszka Holland,Europa Europa
1991,writing,nominee,"Fannie Flagg, Carol Sobieski",Fried Green Tomatoes
1991,writing,nominee,"Oliver Stone, Zachary Sklar",JFK
1991,writing,nominee,"Pat Conroy, Becky Johnston",The Prince of Tides
1991,writing,winner,Ted Tally,The Silence of the Lambs
1991,writing,nominee,John Singleton,Boyz N the Hood
1991,writing,nominee,James Toback,Bugsy
1991,writing,nominee,Richard LaGravenese,The Fisher King
1991,writing,nominee,"Lawrence Kasdan, Meg Kasdan",Grand Canyon
1991,writing,winner,Callie Khouri,Thelma & Louise
1992,writing,nominee,Peter Barnes,Enchanted April
1992,writing,winner,Ruth Prawer Jhabvala,Howards End
1992,writing,nominee,Michael Tolkin,The Player
1992,writing,nominee,Richard Friedenberg,A River Runs through It
1992,writing,nominee,Bo Goldman,Scent of a Woman
1992,writing,winner,Neil Jordan,The Crying Game
1992,writing,nominee,Woody Allen,Husbands and Wives
1992,writing,nominee,"George Miller, Nick Enright",Lorenzo's Oil
1992,writing,nominee,John Sayles,Passion Fish
1992,writing,nominee,David Webb Peoples,Unforgiven
1993,writing,nominee,"Jay Cocks, Martin Scorsese",The Age of Innocence
1993,writing,nominee,"Terry George, Jim Sheridan",In the Name of the Father
1993,writing,nominee,Ruth Prawer Jhabvala,The Remains of the Day
1993,writing,winner,Steven Zaillian,Schindler's List
1993,writing,nominee,William Nicholson,Shadowlands
1993,writing,nominee,Gary Ross,Dave
1993,writing,nominee,Jeff Maguire,In the Line of Fire
1993,writing,nominee,Ron Nyswaner,Philadelphia
1993,writing,winner,Jane Campion,The Piano
1993,writing,nominee," Nora Ephron, David S. Ward, Jeff Arch,   Jeff Arch",Sleepless in Seattle
1994,writing,winner,Eric Roth,Forrest Gump
1994,writing,nominee,Alan Bennett,The Madness of King George
1994,writing,nominee,Robert Benton,Nobody's Fool
1994,writing,nominee,Paul Attanasio,Quiz Show
1994,writing,nominee,Frank Darabont,The Shawshank Redemption
1994,writing,nominee,"Woody Allen, Douglas McGrath",Bullets over Broadway
1994,writing,nominee,Richard Curtis,Four Weddings and a Funeral
1994,writing,nominee,"Frances Walsh, Peter Jackson",Heavenly Creatures
1994,writing,winner," Quentin Tarantino,  Stories Quentin Tarantino , Roger Avary",Pulp Fiction
1994,writing,nominee,"Krzysztof Piesiewicz, Krzysztof Kieslowski",Red
1995,writing,nominee,"William Broyles Jr., Al Reinert",Apollo 13
1995,writing,nominee,"George Miller, Chris Noonan",Babe
1995,writing,nominee,Mike Figgis,Leaving Las Vegas
1995,writing,nominee,"Anna Pavignano, Michael Radford, Furio Scarpelli, Giacomo Scarpelli, Massimo Troisi",The Postman (Il Postino)
1995,writing,winner,Emma Thompson,Sense and Sensibility
1995,writing,nominee,Randall Wallace,Braveheart
1995,writing,nominee,Woody Allen,Mighty Aphrodite
1995,writing,nominee,"Stephen J. Rivele, Christopher Wilkinson, Oliver Stone",Nixon
1995,writing,nominee," Joss Whedon, Andrew Stanton, Joel Cohen, Alec Sokolow,   John Lasseter, Peter Docter, Andrew Stanton, Joe Ranft",Toy Story
1995,writing,winner,Christopher McQuarrie,The Usual Suspects
1996,writing,nominee,Arthur Miller,The Crucible
1996,writing,nominee,Anthony Minghella,The English Patient
1996,writing,nominee,Kenneth Branagh,Hamlet
1996,writing,winner,Billy Bob Thornton,Sling Blade
1996,writing,nominee,John Hodge,Trainspotting
1996,writing,winner,"Ethan Coen, Joel Coen",Fargo
1996,writing,nominee,Cameron Crowe,Jerry Maguire
1996,writing,nominee,John Sayles,Lone Star
1996,writing,nominee,Mike Leigh,Secrets & Lies
1996,writing,nominee," Jan Sardi,   Scott Hicks",Shine
1997,writing,nominee,Paul Attanasio,Donnie Brasco
1997,writing,winner,"Brian Helgeland, Curtis Hanson",L.A. Confidential
1997,writing,nominee,Atom Egoyan,The Sweet Hereafter
1997,writing,nominee,"Hilary Henkin, David Mamet",Wag the Dog
1997,writing,nominee,Hossein Amini,The Wings of the Dove
1997,writing,nominee," Mark Andrus, James L. Brooks,   Mark Andrus",As Good as It Gets
1997,writing,nominee,Paul Thomas Anderson,Boogie Nights
1997,writing,nominee,Woody Allen,Deconstructing Harry
1997,writing,nominee,Simon Beaufoy,The Full Monty
1997,writing,winner,"Ben Affleck, Matt Damon",Good Will Hunting
1998,writing,winner,Bill Condon,Gods and Monsters
1998,writing,nominee,Scott Frank,Out of Sight
1998,writing,nominee,Elaine May,Primary Colors
1998,writing,nominee,Scott B. Smith,A Simple Plan
1998,writing,nominee,Terrence Malick,The Thin Red Line
1998,writing,nominee," Warren Beatty, Jeremy Pikser,   Warren Beatty",Bulworth
1998,writing,nominee,"Vincenzo Cerami, Roberto Benigni",Life Is Beautiful
1998,writing,nominee,Robert Rodat,Saving Private Ryan
1998,writing,winner,"Marc Norman, Tom Stoppard",Shakespeare in Love
1998,writing,nominee,Andrew Niccol,The Truman Show
1999,writing,winner,John Irving,The Cider House Rules
1999,writing,nominee,"Alexander Payne, Jim Taylor",Election
1999,writing,nominee,Frank Darabont,The Green Mile
1999,writing,nominee,"Eric Roth, Michael Mann",The Insider
1999,writing,nominee,Anthony Minghella,The Talented Mr. Ripley
1999,writing,winner,Alan Ball,American Beauty
1999,writing,nominee,Charlie Kaufman,Being John Malkovich
1999,writing,nominee,Paul Thomas Anderson,Magnolia
1999,writing,nominee,M. Night Shyamalan,The Sixth Sense
1999,writing,nominee,Mike Leigh,Topsy-Turvy
2000,writing,nominee, Robert Nelson Jacobs,Chocolat
2000,writing,nominee," Wang Hui Ling, James Schamus, Tsai Kuo Jung","Crouching Tiger, Hidden Dragon"
2000,writing,nominee," Ethan Coen , Joel Coen","O Brother, Where Art Thou?"
2000,writing,winner, Stephen Gaghan,Traffic
2000,writing,nominee, Steve Kloves,Wonder Boys
2000,writing,winner, Cameron Crowe,Almost Famous
2000,writing,nominee, Lee Hall,Billy Elliot
2000,writing,nominee, Susannah Grant,Erin Brockovich
2000,writing,nominee," David Franzoni, John Logan, William Nicholson,   David Franzoni",Gladiator
2000,writing,nominee, Kenneth Lonergan,You Can Count on Me
2001,writing,winner, Akiva Goldsman,A Beautiful Mind
2001,writing,nominee," Daniel Clowes , Terry Zwigoff",Ghost World
2001,writing,nominee," Rob Festinger, Todd Field",In the Bedroom
2001,writing,nominee," Fran Walsh, Philippa Boyens, Peter Jackson",The Lord of the Rings: The Fellowship of the Ring
2001,writing,nominee," Ted Elliott , Terry Rossio, Joe Stillman, Roger S.H. Schulman",Shrek
2001,writing,nominee," Guillaume Laurant, Jean-Pierre Jeunet, Dialogue Guillaume Laurant",Amélie
2001,writing,winner, Julian Fellowes,Gosford Park
2001,writing,nominee," Christopher Nolan,  Jonathan Nolan",Memento
2001,writing,nominee," Milo Addica , Will Rokos",Monster's Ball
2001,writing,nominee," Wes Anderson , Owen Wilson",The Royal Tenenbaums
2002,writing,nominee," Peter Hedges, Chris Weitz , Paul Weitz",About a Boy
2002,writing,nominee," Charlie Kaufman, Donald Kaufman",Adaptation
2002,writing,nominee, Bill Condon,Chicago
2002,writing,nominee, David Hare,The Hours
2002,writing,winner, Ronald Harwood,The Pianist
2002,writing,nominee, Todd Haynes,Far from Heaven
2002,writing,nominee," Jay Cocks, Steve Zaillian, Kenneth Lonergan,  Jay Cocks",Gangs of New York
2002,writing,nominee, Nia Vardalos,My Big Fat Greek Wedding
2002,writing,winner, Pedro Almodóvar,Talk to Her
2002,writing,nominee," Carlos Cuarón, Alfonso Cuarón",Y Tu Mamá También
2003,writing,nominee," Robert Pulcini , Shari Springer Berman",American Splendor
2003,writing,nominee, Braulio Mantovani,City of God
2003,writing,winner," Fran Walsh, Philippa Boyens , Peter Jackson",The Lord of the Rings: The Return of the King
2003,writing,nominee, Brian Helgeland,Mystic River
2003,writing,nominee, for the Screen Gary Ross,Seabiscuit
2003,writing,nominee, Denys Arcand,The Barbarian Invasions
2003,writing,nominee, Steven Knight,Dirty Pretty Things
2003,writing,nominee," Andrew Stanton, Bob Peterson, David Reynolds,   Andrew Stanton",Finding Nemo
2003,writing,nominee," Jim Sheridan , Naomi Sheridan , Kirsten Sheridan",In America
2003,writing,winner, Sofia Coppola,Lost in Translation
2004,writing,nominee," Richard Linklater , Julie Delpy , Ethan Hawke,  Richard Linklater , Kim Krizan",Before Sunset
2004,writing,nominee, David Magee,Finding Neverland
2004,writing,nominee, Paul Haggis,Million Dollar Baby
2004,writing,nominee, José Rivera,The Motorcycle Diaries
2004,writing,winner," Alexander Payne , Jim Taylor",Sideways
2004,writing,nominee, John Logan,The Aviator
2004,writing,winner," Charlie Kaufman,  Charlie Kaufman , Michel Gondry , Pierre Bismuth",Eternal Sunshine of the Spotless Mind
2004,writing,nominee," Keir Pearson , Terry George",Hotel Rwanda
2004,writing,nominee, Brad Bird,The Incredibles
2004,writing,nominee, Mike Leigh,Vera Drake
2005,writing,winner," Larry McMurtry , Diana Ossana",Brokeback Mountain
2005,writing,nominee, Dan Futterman,Capote
2005,writing,nominee, Jeffrey Caine,The Constant Gardener
2005,writing,nominee, Josh Olson,A History of Violence
2005,writing,nominee," Tony Kushner, Eric Roth",Munich
2005,writing,winner," Paul Haggis , Bobby Moresco,  Paul Haggis",Crash
2005,writing,nominee," George Clooney , Grant Heslov","Good Night, and Good Luck."
2005,writing,nominee, Woody Allen,Match Point
2005,writing,nominee, Noah Baumbach,The Squid and the Whale
2005,writing,nominee, Stephen Gaghan,Syriana
2006,writing,nominee," Sacha Baron Cohen , Anthony Hines , Peter Baynham , Dan Mazer,  Sacha Baron Cohen , Peter Baynham , Anthony Hines , Todd Phillips",Borat Cultural Learnings of America for Make Benefit Glorious Nation of Kazakhstan
2006,writing,nominee," Alfonso Cuarón , Timothy J. Sexton, David Arata, Mark Fergus , Hawk Ostby",Children of Men
2006,writing,winner, William Monahan,The Departed
2006,writing,nominee," Todd Field , Tom Perrotta",Little Children
2006,writing,nominee, Patrick Marber,Notes on a Scandal
2006,writing,nominee, Guillermo Arriaga,Babel
2006,writing,nominee," Iris Yamashita,  Iris Yamashita , Paul Haggis",Letters from Iwo Jima
2006,writing,winner, Michael Arndt,Little Miss Sunshine
2006,writing,nominee, Guillermo del Toro,Pan's Labyrinth
2006,writing,nominee, Peter Morgan,The Queen
2007,writing,nominee, Christopher Hampton,Atonement
2007,writing,nominee, Sarah Polley,Away from Her
2007,writing,nominee, Ronald Harwood,The Diving Bell and the Butterfly
2007,writing,winner," for the screen Joel Coen , Ethan Coen",No Country for Old Men
2007,writing,nominee, for the Screen Paul Thomas Anderson,There Will Be Blood
2007,writing,winner, Diablo Cody,Juno
2007,writing,nominee, Nancy Oliver,Lars and the Real Girl
2007,writing,nominee, Tony Gilroy,Michael Clayton
2007,writing,nominee," Brad Bird,  Jan Pinkava, Jim Capobianco, Brad Bird",Ratatouille
2007,writing,nominee, Tamara Jenkins,The Savages
2008,writing,nominee," Eric Roth, Screen story Eric Roth, Robin Swicord",The Curious Case of Benjamin Button
2008,writing,nominee, John Patrick Shanley,Doubt
2008,writing,nominee, Peter Morgan,Frost/Nixon
2008,writing,nominee, David Hare,The Reader
2008,writing,winner, Simon Beaufoy,Slumdog Millionaire
2008,writing,nominee, Courtney Hunt,Frozen River
2008,writing,nominee, Mike Leigh,Happy-Go-Lucky
2008,writing,nominee, Martin McDonagh,In Bruges
2008,writing,winner, Dustin Lance Black,Milk
2008,writing,nominee," Andrew Stanton, Jim Reardon,  story Andrew Stanton, Pete Docter",WALL-E
2009,writing,nominee," Neill Blomkamp, Terri Tatchell",District 9
2009,writing,nominee, Nick Hornby,An Education
2009,writing,nominee," Jesse Armstrong, Simon Blackwell, Armando Iannucci, Tony Roche",In the Loop
2009,writing,winner, Geoffrey Fletcher,Precious: Based on the Novel 'Push' by Sapphire
2009,writing,nominee," Jason Reitman, Sheldon Turner",Up in the Air
2009,writing,winner, Mark Boal,The Hurt Locker
2009,writing,nominee, Quentin Tarantino,Inglourious Basterds
2009,writing,nominee," Alessandro Camon , Oren Moverman",The Messenger
2009,writing,nominee," Joel Coen , Ethan Coen",A Serious Man
2009,writing,nominee," Bob Peterson, Pete Docter,  Pete Docter, Bob Peterson, Tom McCarthy",Up
2010,writing,nominee," Danny Boyle , Simon Beaufoy",127 Hours
2010,writing,winner, Aaron Sorkin,The Social Network
2010,writing,nominee," Michael Arndt,  John Lasseter, Andrew Stanton, Lee Unkrich",Toy Story 3
2010,writing,nominee," for the screen Joel Coen , Ethan Coen",True Grit
2010,writing,nominee," Debra Granik , Anne Rosellini",Winter's Bone
2010,writing,nominee, Mike Leigh,Another Year
2010,writing,nominee," Scott Silver, Paul Tamasy , Eric Johnson,  Keith Dorrington , Paul Tamasy , Eric Johnson",The Fighter
2010,writing,nominee, Christopher Nolan,Inception
2010,writing,nominee," Lisa Cholodenko , Stuart Blumberg",The Kids Are All Right
2010,writing,winner, David Seidler,The King's Speech
2011,writing,winner," Alexander Payne, Nat Faxon , Jim Rash",The Descendants
2011,writing,nominee, John Logan,Hugo
2011,writing,nominee," George Clooney , Grant Heslov, Beau Willimon",The Ides of March
2011,writing,nominee," Steven Zaillian, Aaron Sorkin,  Stan Chervin",Moneyball
2011,writing,nominee," Bridget OConnor , Peter Straughan",Tinker Tailor Soldier Spy
2011,writing,nominee, Michel Hazanavicius,The Artist
2011,writing,nominee," Annie Mumolo , Kristen Wiig",Bridesmaids
2011,writing,nominee, J.C. Chandor,Margin Call
2011,writing,winner, Woody Allen,Midnight in Paris
2011,writing,nominee, Asghar Farhadi,A Separation
2012,writing,winner, Chris Terrio,Argo
2012,writing,nominee," Lucy Alibar , Benh Zeitlin",Beasts of the Southern Wild
2012,writing,nominee, David Magee,Life of Pi
2012,writing,nominee, Tony Kushner,Lincoln
2012,writing,nominee, David O. Russell,Silver Linings Playbook
2012,writing,nominee, Michael Haneke,Amour
2012,writing,winner, Quentin Tarantino,Django Unchained
2012,writing,nominee, John Gatins,Flight
2012,writing,nominee," Wes Anderson , Roman Coppola",Moonrise Kingdom
2012,writing,nominee, Mark Boal,Zero Dark Thirty
2013,writing,nominee," Richard Linklater, Julie Delpy, Ethan Hawke",Before Midnight
2013,writing,nominee, Billy Ray,Captain Phillips
2013,writing,nominee," Steve Coogan, Jeff Pope",Philomena
2013,writing,winner, John Ridley,12 Years a Slave
2013,writing,nominee, Terence Winter,The Wolf of Wall Street
2013,writing,nominee," Eric Warren Singer, David O. Russell",American Hustle
2013,writing,nominee, Woody Allen,Blue Jasmine
2013,writing,nominee," Craig Borten , Melisa Wallack",Dallas Buyers Club
2013,writing,winner, Spike Jonze,Her
2013,writing,nominee, Bob Nelson,Nebraska
1990,directing,winner,Kevin Costner,Dances With Wolves
1990,directing,nominee,Francis Ford Coppola,"The Godfather, Part III"
1990,directing,nominee,Martin Scorsese,Good Fellas
1990,directing,nominee,Stephen Frears,The Grifters
1990,directing,nominee,Barbet Schroeder,Reversal of Fortune
1991,directing,nominee,John Singleton,Boyz N the Hood
1991,directing,nominee,Barry Levinson,Bugsy
1991,directing,nominee,Oliver Stone,JFK
1991,directing,winner,Jonathan Demme,The Silence of the Lambs
1991,directing,nominee,Ridley Scott,Thelma & Louise
1992,directing,nominee,Neil Jordan,The Crying Game
1992,directing,nominee,James Ivory,Howards End
1992,directing,nominee,Robert Altman,The Player
1992,directing,nominee,Martin Brest,Scent of a Woman
1992,directing,winner,Clint Eastwood,Unforgiven
1993,directing,nominee,Jim Sheridan,In the Name of the Father
1993,directing,nominee,Jane Campion,The Piano
1993,directing,nominee,James Ivory,The Remains of the Day
1993,directing,winner,Steven Spielberg,Schindler's List
1993,directing,nominee,Robert Altman,Short Cuts
1994,directing,nominee,Woody Allen,Bullets over Broadway
1994,directing,winner,Robert Zemeckis,Forrest Gump
1994,directing,nominee,Quentin Tarantino,Pulp Fiction
1994,directing,nominee,Robert Redford,Quiz Show
1994,directing,nominee,Krzysztof Kieslowski,Red
1995,directing,nominee,Chris Noonan,Babe
1995,directing,winner,Mel Gibson,Braveheart
1995,directing,nominee,Tim Robbins,Dead Man Walking
1995,directing,nominee,Mike Figgis,Leaving Las Vegas
1995,directing,nominee,Michael Radford,The Postman (Il Postino)
1996,directing,winner,Anthony Minghella,The English Patient
1996,directing,nominee,Joel Coen,Fargo
1996,directing,nominee,Milos Forman,The People vs. Larry Flynt
1996,directing,nominee,Mike Leigh,Secrets & Lies
1996,directing,nominee,Scott Hicks,Shine
1997,directing,nominee,Peter Cattaneo,The Full Monty
1997,directing,nominee,Gus Van Sant,Good Will Hunting
1997,directing,nominee,Curtis Hanson,L.A. Confidential
1997,directing,nominee,Atom Egoyan,The Sweet Hereafter
1997,directing,winner,James Cameron,Titanic
1998,directing,nominee,Roberto Benigni,Life Is Beautiful
1998,directing,winner,Steven Spielberg,Saving Private Ryan
1998,directing,nominee,John Madden,Shakespeare in Love
1998,directing,nominee,Terrence Malick,The Thin Red Line
1998,directing,nominee,Peter Weir,The Truman Show
1999,directing,winner,Sam Mendes,American Beauty
1999,directing,nominee,Spike Jonze,Being John Malkovich
1999,directing,nominee,Lasse Hallström,The Cider House Rules
1999,directing,nominee,Michael Mann,The Insider
1999,directing,nominee,M. Night Shyamalan,The Sixth Sense
2000,directing,nominee,Stephen Daldry,Billy Elliot
2000,directing,nominee,Ang Lee,"Crouching Tiger, Hidden Dragon"
2000,directing,nominee,Steven Soderbergh,Erin Brockovich
2000,directing,nominee,Ridley Scott,Gladiator
2000,directing,winner,Steven Soderbergh,Traffic
2001,directing,winner,Ron Howard,A Beautiful Mind
2001,directing,nominee,Ridley Scott,Black Hawk Down
2001,directing,nominee,Robert Altman,Gosford Park
2001,directing,nominee,Peter Jackson,The Lord of the Rings: The Fellowship of the Ring
2001,directing,nominee,David Lynch,Mulholland Drive
2002,directing,nominee,Rob Marshall,Chicago
2002,directing,nominee,Martin Scorsese,Gangs of New York
2002,directing,nominee,Stephen Daldry,The Hours
2002,directing,winner,Roman Polanski,The Pianist
2002,directing,nominee,Pedro Almodóvar,Talk to Her
2003,directing,nominee,Fernando Meirelles,City of God
2003,directing,winner,Peter Jackson,The Lord of the Rings: The Return of the King
2003,directing,nominee,Sofia Coppola,Lost in Translation
2003,directing,nominee,Peter Weir,Master and Commander: The Far Side of the World
2003,directing,nominee,Clint Eastwood,Mystic River
2004,directing,nominee,Martin Scorsese,The Aviator
2004,directing,winner,Clint Eastwood,Million Dollar Baby
2004,directing,nominee,Taylor Hackford,Ray
2004,directing,nominee,Alexander Payne,Sideways
2004,directing,nominee,Mike Leigh,Vera Drake
2005,directing,winner,Ang Lee,Brokeback Mountain
2005,directing,nominee,Bennett Miller,Capote
2005,directing,nominee,Paul Haggis,Crash
2005,directing,nominee,George Clooney,"Good Night, and Good Luck."
2005,directing,nominee,Steven Spielberg,Munich
2006,directing,nominee,Alejandro González Iñárritu,Babel
2006,directing,winner,Martin Scorsese,The Departed
2006,directing,nominee,Clint Eastwood,Letters from Iwo Jima
2006,directing,nominee,Stephen Frears,The Queen
2006,directing,nominee,Paul Greengrass,United 93
2007,directing,nominee,Julian Schnabel,The Diving Bell and the Butterfly
2007,directing,nominee,Jason Reitman,Juno
2007,directing,nominee,Tony Gilroy,Michael Clayton
2007,directing,winner,"Joel Coen, Ethan Coen",No Country for Old Men
2007,directing,nominee,Paul Thomas Anderson,There Will Be Blood
2008,directing,nominee,David Fincher,The Curious Case of Benjamin Button
2008,directing,nominee,Ron Howard,Frost/Nixon
2008,directing,nominee,Gus Van Sant,Milk
2008,directing,nominee,Stephen Daldry,The Reader
2008,directing,winner,Danny Boyle,Slumdog Millionaire
2009,directing,nominee,James Cameron,Avatar
2009,directing,winner,Kathryn Bigelow,The Hurt Locker
2009,directing,nominee,Quentin Tarantino,Inglourious Basterds
2009,directing,nominee,Lee Daniels,Precious: Based on the Novel 'Push' by Sapphire
2009,directing,nominee,Jason Reitman,Up in the Air
2010,directing,nominee,Darren Aronofsky,Black Swan
2010,directing,nominee,David O. Russell,The Fighter
2010,directing,winner,Tom Hooper,The King's Speech
2010,directing,nominee,David Fincher,The Social Network
2010,directing,nominee,"Joel Coen, Ethan Coen",True Grit
2011,directing,winner,Michel Hazanavicius,The Artist
2011,directing,nominee,Alexander Payne,The Descendants
2011,directing,nominee,Martin Scorsese,Hugo
2011,directing,nominee,Woody Allen,Midnight in Paris
2011,directing,nominee,Terrence Malick,The Tree of Life
2012,directing,nominee,Michael Haneke,Amour
2012,directing,nominee,Benh Zeitlin,Beasts of the Southern Wild
2012,directing,winner,Ang Lee,Life of Pi
2012,directing,nominee,Steven Spielberg,Lincoln
2012,directing,nominee,David O. Russell,Silver Linings Playbook
2013,directing,nominee,David O. Russell,American Hustle
2013,directing,winner,Alfonso Cuarón,Gravity
2013,directing,nominee,Alexander Payne,Nebraska
2013,directing,nominee,Steve McQueen,12 Years a Slave
2013,directing,nominee,Martin Scorsese,The Wolf of Wall Street
1990,picture,nominee,"Walter F. Parkes, Lawrence Lasker, Producers",Awakenings
1990,picture,winner,"Jim Wilson, Kevin Costner, Producers",Dances With Wolves
1990,picture,nominee,"Lisa Weinstein, Producer",Ghost
1990,picture,nominee,"Francis Ford Coppola, Producer","The Godfather, Part III"
1990,picture,nominee,"Irwin Winkler, Producer",Good Fellas
1991,picture,nominee,"Don Hahn, Producer",Beauty and the Beast
1991,picture,nominee,"Mark Johnson, Barry Levinson, Warren Beatty, Producers",Bugsy
1991,picture,nominee,"A. Kitman Ho, Oliver Stone, Producers",JFK
1991,picture,nominee,"Barbra Streisand, Andrew Karsch, Producers",The Prince of Tides
1991,picture,winner,"Edward Saxon, Kenneth Utt, Ron Bozman, Producers",The Silence of the Lambs
1992,picture,nominee,"Stephen Woolley, Producer",The Crying Game
1992,picture,nominee,"David Brown, Rob Reiner, Andrew Scheinman, Producers",A Few Good Men
1992,picture,nominee,"Ismail Merchant, Producer",Howards End
1992,picture,nominee,"Martin Brest, Producer",Scent of a Woman
1992,picture,winner,"Clint Eastwood, Producer",Unforgiven
1993,picture,nominee,"Arnold Kopelson, Producer",The Fugitive
1993,picture,nominee,"Jim Sheridan, Producer",In the Name of the Father
1993,picture,nominee,"Jan Chapman, Producer",The Piano
1993,picture,nominee,"Mike Nichols, John Calley, Ismail Merchant, Producers",The Remains of the Day
1993,picture,winner,"Steven Spielberg, Gerald R. Molen, Branko Lustig, Producers",Schindler's List
1994,picture,winner,"Wendy Finerman, Steve Tisch, Steve Starkey, Producers",Forrest Gump
1994,picture,nominee,"Duncan Kenworthy, Producer",Four Weddings and a Funeral
1994,picture,nominee,"Lawrence Bender, Producer",Pulp Fiction
1994,picture,nominee,"Robert Redford, Michael Jacobs, Julian Krainin, Michael Nozik, Producers",Quiz Show
1994,picture,nominee,"Niki Marvin, Producer",The Shawshank Redemption
1995,picture,nominee,"Brian Grazer, Producer",Apollo 13
1995,picture,nominee,"George Miller, Doug Mitchell, Bill Miller, Producers",Babe
1995,picture,winner,"Mel Gibson, Alan Ladd Jr., Bruce Davey, Producers",Braveheart
1995,picture,nominee,"Mario Cecchi Gori, Vittorio Cecchi Gori, Gaetano Daniele, Producers",The Postman (Il Postino)
1995,picture,nominee,"Lindsay Doran, Producer",Sense and Sensibility
1996,picture,winner,"Saul Zaentz, Producer",The English Patient
1996,picture,nominee,"Ethan Coen, Producer",Fargo
1996,picture,nominee,"James L. Brooks, Laurence Mark, Richard Sakai, Cameron Crowe, Producers",Jerry Maguire
1996,picture,nominee,"Simon Channing-Williams, Producer",Secrets & Lies
1996,picture,nominee,"Jane Scott, Producer",Shine
1997,picture,nominee,"James L. Brooks, Bridget Johnson, Kristi Zea, Producers",As Good as It Gets
1997,picture,nominee,"Uberto Pasolini, Producer",The Full Monty
1997,picture,nominee,"Lawrence Bender, Producer",Good Will Hunting
1997,picture,nominee,"Arnon Milchan, Curtis Hanson, Michael Nathanson, Producers",L.A. Confidential
1997,picture,winner,"James Cameron, Jon Landau, Producers",Titanic
1998,picture,nominee,"Alison Owen, Eric Fellner, Tim Bevan, Producers",Elizabeth
1998,picture,nominee,"Elda Ferri, Gianluigi Braschi, Producers",Life Is Beautiful
1998,picture,nominee,"Steven Spielberg, Ian Bryce, Mark Gordon, Gary Levinsohn, Producers",Saving Private Ryan
1998,picture,winner,"David Parfitt, Donna Gigliotti, Harvey Weinstein, Edward Zwick, Marc Norman, Producers",Shakespeare in Love
1998,picture,nominee,"Robert Michael Geisler, John Roberdeau, Grant Hill, Producers",The Thin Red Line
1999,picture,winner,"Bruce Cohen, Dan Jinks, Producers",American Beauty
1999,picture,nominee,"Richard N. Gladstein, Producer",The Cider House Rules
1999,picture,nominee,"David Valdes, Frank Darabont, Producers",The Green Mile
1999,picture,nominee,"Michael Mann, Pieter Jan Brugge, Producers",The Insider
1999,picture,nominee,"Frank Marshall, Kathleen Kennedy, Barry Mendel, Producers",The Sixth Sense
2000,picture,nominee,"David Brown, Kit Golden, Leslie Holleran, Producers",Chocolat
2000,picture,nominee,"Bill Kong, Hsu Li Kong, Ang Lee, Producers","Crouching Tiger, Hidden Dragon"
2000,picture,nominee,"Danny DeVito, Michael Shamberg, Stacey Sher, Producers",Erin Brockovich
2000,picture,winner,"Douglas Wick, David Franzoni, Branko Lustig, Producers",Gladiator
2000,picture,nominee,"Edward Zwick, Marshall Herskovitz, Laura Bickford, Producers",Traffic
2001,picture,winner,"Brian Grazer, Ron Howard, Producers",A Beautiful Mind
2001,picture,nominee,"Robert Altman, Bob Balaban, David Levy, Producers",Gosford Park
2001,picture,nominee,"Graham Leader, Ross Katz, Todd Field, Producers",In the Bedroom
2001,picture,nominee,"Peter Jackson, Fran Walsh, Barrie M. Osborne, Producers",The Lord of the Rings: The Fellowship of the Ring
2001,picture,nominee,"Martin Brown, Baz Luhrmann, Fred Baron, Producers",Moulin Rouge
2002,picture,winner,"Martin Richards, Producer",Chicago
2002,picture,nominee,"Alberto Grimaldi, Harvey Weinstein, Producers",Gangs of New York
2002,picture,nominee,"Scott Rudin, Robert Fox, Producers",The Hours
2002,picture,nominee,"Barrie M. Osborne, Fran Walsh, Peter Jackson, Producers",The Lord of the Rings: The Two Towers
2002,picture,nominee,"Roman Polanski, Robert Benmussa, Alain Sarde, Producers",The Pianist
2003,picture,winner,"Barrie M. Osborne, Peter Jackson, Fran Walsh, Producers",The Lord of the Rings: The Return of the King
2003,picture,nominee,"Ross Katz, Sofia Coppola, Producers",Lost in Translation
2003,picture,nominee,"Samuel Goldwyn Jr., Peter Weir, Duncan Henderson, Producers",Master and Commander: The Far Side of the World
2003,picture,nominee,"Robert Lorenz, Judie G. Hoyt, Clint Eastwood, Producers",Mystic River
2003,picture,nominee,"Kathleen Kennedy, Frank Marshall, Gary Ross, Producers",Seabiscuit
2004,picture,nominee,"Michael Mann, Graham King, Producers",The Aviator
2004,picture,nominee,"Richard N. Gladstein, Nellie Bellflower, Producers",Finding Neverland
2004,picture,winner,"Clint Eastwood, Albert S. Ruddy, Tom Rosenberg, Producers",Million Dollar Baby
2004,picture,nominee,"Taylor Hackford, Stuart Benjamin, Howard Baldwin, Producers",Ray
2004,picture,nominee,"Michael London, Producer",Sideways
2005,picture,nominee,"Diana Ossana, James Schamus, Producers",Brokeback Mountain
2005,picture,nominee,"Caroline Baron, William Vince, Michael Ohoven, Producers",Capote
2005,picture,winner,"Paul Haggis, Cathy Schulman, Producers",Crash
2005,picture,nominee,"Grant Heslov, Producer","Good Night, and Good Luck."
2005,picture,nominee,"Kathleen Kennedy, Steven Spielberg, Barry Mendel, Producers",Munich
2006,picture,nominee,"Alejandro González Iñárritu, Jon Kilik, Steve Golin, Producers",Babel
2006,picture,winner,"Graham King, Producer",The Departed
2006,picture,nominee,"Clint Eastwood, Steven Spielberg, Robert Lorenz, Producers",Letters from Iwo Jima
2006,picture,nominee,"David T. Friendly, Peter Saraf, Marc Turtletaub, Producers",Little Miss Sunshine
2006,picture,nominee,"Andy Harries, Christine Langan, Tracey Seaward, Producers",The Queen
2007,picture,nominee,"Tim Bevan, Eric Fellner, Paul Webster, Producers",Atonement
2007,picture,nominee,"Lianne Halfon, Mason Novick, Russell Smith, Producers",Juno
2007,picture,nominee,"Sydney Pollack, Jennifer Fox, Kerry Orent, Producers",Michael Clayton
2007,picture,winner,"Scott Rudin, Ethan Coen, Joel Coen, Producers",No Country for Old Men
2007,picture,nominee,"JoAnne Sellar, Paul Thomas Anderson, Daniel Lupi, Producers",There Will Be Blood
2008,picture,nominee,"Kathleen Kennedy, Frank Marshall, Ceán Chaffin, Producers",The Curious Case of Benjamin Button
2008,picture,nominee,"Brian Grazer, Ron Howard, Eric Fellner, Producers",Frost/Nixon
2008,picture,nominee,"Dan Jinks, Bruce Cohen, Producers",Milk
2008,picture,nominee,"Anthony Minghella, Sydney Pollack, Donna Gigliotti, Redmond Morris, Producers",The Reader
2008,picture,winner,"Christian Colson, Producer",Slumdog Millionaire
2009,picture,nominee,"James Cameron, Jon Landau, Producers",Avatar
2009,picture,nominee,"Gil Netter, Andrew A. Kosove, Broderick Johnson, Producers",The Blind Side
2009,picture,nominee,"Peter Jackson, Carolynne Cunningham, Producers",District 9
2009,picture,nominee,"Finola Dwyer, Amanda Posey, Producers",An Education
2009,picture,winner,"Kathryn Bigelow, Mark Boal, Nicolas Chartier, Greg Shapiro, Producers",The Hurt Locker
2009,picture,nominee,"Lawrence Bender, Producer",Inglourious Basterds
2009,picture,nominee,"Lee Daniels, Sarah Siegel-Magness, Gary Magness, Producers",Precious: Based on the Novel 'Push' by Sapphire
2009,picture,nominee,"Joel Coen, Ethan Coen, Producers",A Serious Man
2009,picture,nominee,"Jonas Rivera, Producer",Up
2009,picture,nominee,"Daniel Dubiecki, Ivan Reitman, Jason Reitman, Producers",Up in the Air
2010,picture,nominee,"Mike Medavoy, Brian Oliver, Scott Franklin, Producers",Black Swan
2010,picture,nominee,"David Hoberman, Todd Lieberman, Mark Wahlberg, Producers",The Fighter
2010,picture,nominee,"Emma Thomas, Christopher Nolan, Producers",Inception
2010,picture,nominee,"Gary Gilbert, Jeffrey Levy-Hinte, Celine Rattray, Producers",The Kids Are All Right
2010,picture,winner,"Iain Canning, Emile Sherman, Gareth Unwin, Producers",The King's Speech
2010,picture,nominee,"Christian Colson, Danny Boyle, John Smithson, Producers",127 Hours
2010,picture,nominee,"Scott Rudin, Dana Brunetti, Michael De Luca, Ceán Chaffin, Producers",The Social Network
2010,picture,nominee,"Darla K. Anderson, Producer",Toy Story 3
2010,picture,nominee,"Scott Rudin, Ethan Coen, Joel Coen, Producers",True Grit
2010,picture,nominee,"Anne Rosellini, Alix Madigan-Yorkin, Producers",Winter's Bone
2011,picture,winner,"Thomas Langmann, Producer",The Artist
2011,picture,nominee,"Jim Burke, Alexander Payne, Jim Taylor, Producers",The Descendants
2011,picture,nominee,"Scott Rudin, Producer",Extremely Loud & Incredibly Close
2011,picture,nominee,"Brunson Green, Chris Columbus, Michael Barnathan, Producers",The Help
2011,picture,nominee,"Graham King, Martin Scorsese, Producers",Hugo
2011,picture,nominee,"Letty Aronson, Stephen Tenenbaum, Producers",Midnight in Paris
2011,picture,nominee,"Michael De Luca, Rachael Horovitz, Brad Pitt, Producers",Moneyball
2011,picture,nominee,"Sarah Green, Bill Pohlad, Dede Gardner, Grant Hill, Producers",The Tree of Life
2011,picture,nominee,"Steven Spielberg, Kathleen Kennedy, Producers",War Horse
2012,picture,nominee,"Margaret Menegoz, Stefan Arndt, Veit Heiduschka, Michael Katz, Producers",Amour
2012,picture,winner,"Grant Heslov, Ben Affleck, George Clooney, Producers",Argo
2012,picture,nominee,"Dan Janvey, Josh Penn, Michael Gottwald, Producers",Beasts of the Southern Wild
2012,picture,nominee,"Stacey Sher, Reginald Hudlin, Pilar Savone, Producers",Django Unchained
2012,picture,nominee,"Tim Bevan, Eric Fellner, Debra Hayward, Cameron Mackintosh, Producers",Les Misérables
2012,picture,nominee,"Gil Netter, Ang Lee, David Womark, Producers",Life of Pi
2012,picture,nominee,"Steven Spielberg, Kathleen Kennedy, Producers",Lincoln
2012,picture,nominee,"Donna Gigliotti, Bruce Cohen, Jonathan Gordon, Producers",Silver Linings Playbook
2012,picture,nominee,"Mark Boal, Kathryn Bigelow, Megan Ellison, Producers",Zero Dark Thirty
2013,picture,nominee,"Charles Roven, Richard Suckle, Megan Ellison, Jonathan Gordon, Producers",American Hustle
2013,picture,nominee,"Scott Rudin, Dana Brunetti, Michael De Luca, Producers",Captain Phillips
2013,picture,nominee,"Robbie Brenner, Rachel Winter, Producers",Dallas Buyers Club
2013,picture,nominee,"Alfonso Cuarón, David Heyman, Producers",Gravity
2013,picture,nominee,"Megan Ellison, Spike Jonze, Vincent Landay, Producers",Her
2013,picture,nominee,"Albert Berger, Ron Yerxa, Producers",Nebraska
2013,picture,nominee,"Gabrielle Tana, Steve Coogan, Tracey Seaward, Producers",Philomena
2013,picture,winner,"Brad Pitt, Dede Gardner, Jeremy Kleiner, Steve McQueen, Anthony Katagas, Producers",12 Years a Slave
2013,picture,nominee,"Martin Scorsese, Leonardo DiCaprio, Joey McFarland, Emma Tillinger Koskoff, Producers",The Wolf of Wall Street
1990,supporting_actor,nominee,Bruce Davison,Longtime Companion
1990,supporting_actor,nominee,Andy Garcia,"The Godfather, Part III"
1990,supporting_actor,nominee,Graham Greene,Dances With Wolves
1990,supporting_actor,nominee,Al Pacino,Dick Tracy
1990,supporting_actor,winner,Joe Pesci,Good Fellas
1991,supporting_actor,nominee,Tommy Lee Jones,JFK
1991,supporting_actor,nominee,Harvey Keitel,Bugsy
1991,supporting_actor,nominee,Ben Kingsley,Bugsy
1991,supporting_actor,nominee,Michael Lerner,Barton Fink
1991,supporting_actor,winner,Jack Palance,City Slickers
1992,supporting_actor,nominee,Jaye Davidson,The Crying Game
1992,supporting_actor,winner,Gene Hackman,Unforgiven
1992,supporting_actor,nominee,Jack Nicholson,A Few Good Men
1992,supporting_actor,nominee,Al Pacino,Glengarry Glen Ross
1992,supporting_actor,nominee,David Paymer,Mr. Saturday Night
1993,supporting_actor,nominee,Leonardo DiCaprio,What's Eating Gilbert Grape
1993,supporting_actor,nominee,Ralph Fiennes,Schindler's List
1993,supporting_actor,winner,Tommy Lee Jones,The Fugitive
1993,supporting_actor,nominee,John Malkovich,In the Line of Fire
1993,supporting_actor,nominee,Pete Postlethwaite,In the Name of the Father
1994,supporting_actor,nominee,Samuel L. Jackson,Pulp Fiction
1994,supporting_actor,winner,Martin Landau,Ed Wood
1994,supporting_actor,nominee,Chazz Palminteri,Bullets over Broadway
1994,supporting_actor,nominee,Paul Scofield,Quiz Show
1994,supporting_actor,nominee,Gary Sinise,Forrest Gump
1995,supporting_actor,nominee,James Cromwell,Babe
1995,supporting_actor,nominee,Ed Harris,Apollo 13
1995,supporting_actor,nominee,Brad Pitt,12 Monkeys
1995,supporting_actor,nominee,Tim Roth,Rob Roy
1995,supporting_actor,winner,Kevin Spacey,The Usual Suspects
1996,supporting_actor,winner,Cuba Gooding Jr.,Jerry Maguire
1996,supporting_actor,nominee,William H. Macy,Fargo
1996,supporting_actor,nominee,Armin Mueller-Stahl,Shine
1996,supporting_actor,nominee,Edward Norton,Primal Fear
1996,supporting_actor,nominee,James Woods,Ghosts of Mississippi
1997,supporting_actor,nominee,Robert Forster,Jackie Brown
1997,supporting_actor,nominee,Anthony Hopkins,Amistad
1997,supporting_actor,nominee,Greg Kinnear,As Good as It Gets
1997,supporting_actor,nominee,Burt Reynolds,Boogie Nights
1997,supporting_actor,winner,Robin Williams,Good Will Hunting
1998,supporting_actor,winner,James Coburn,Affliction
1998,supporting_actor,nominee,Robert Duvall,A Civil Action
1998,supporting_actor,nominee,Ed Harris,The Truman Show
1998,supporting_actor,nominee,Geoffrey Rush,Shakespeare in Love
1998,supporting_actor,nominee,Billy Bob Thornton,A Simple Plan
1999,supporting_actor,winner,Michael Caine,The Cider House Rules
1999,supporting_actor,nominee,Tom Cruise,Magnolia
1999,supporting_actor,nominee,Michael Clarke Duncan,The Green Mile
1999,supporting_actor,nominee,Jude Law,The Talented Mr. Ripley
1999,supporting_actor,nominee,Haley Joel Osment,The Sixth Sense
2000,supporting_actor,nominee,Jeff Bridges,The Contender
2000,supporting_actor,nominee,Willem Dafoe,Shadow of the Vampire
2000,supporting_actor,winner,Benicio Del Toro,Traffic
2000,supporting_actor,nominee,Albert Finney,Erin Brockovich
2000,supporting_actor,nominee,Joaquin Phoenix,Gladiator
2001,supporting_actor,winner,Jim Broadbent,Iris
2001,supporting_actor,nominee,Ethan Hawke,Training Day
2001,supporting_actor,nominee,Ben Kingsley,Sexy Beast
2001,supporting_actor,nominee,Ian McKellen,The Lord of the Rings: The Fellowship of the Ring
2001,supporting_actor,nominee,Jon Voight,Ali
2002,supporting_actor,winner,Chris Cooper,Adaptation
2002,supporting_actor,nominee,Ed Harris,The Hours
2002,supporting_actor,nominee,Paul Newman,Road to Perdition
2002,supporting_actor,nominee,John C. Reilly,Chicago
2002,supporting_actor,nominee,Christopher Walken,Catch Me If You Can
2003,supporting_actor,nominee,Alec Baldwin,The Cooler
2003,supporting_actor,nominee,Benicio Del Toro,21 Grams
2003,supporting_actor,nominee,Djimon Hounsou,In America
2003,supporting_actor,winner,Tim Robbins,Mystic River
2003,supporting_actor,nominee,Ken Watanabe,The Last Samurai
2004,supporting_actor,nominee,Alan Alda,The Aviator
2004,supporting_actor,nominee,Thomas Haden Church,Sideways
2004,supporting_actor,nominee,Jamie Foxx,Collateral
2004,supporting_actor,winner,Morgan Freeman,Million Dollar Baby
2004,supporting_actor,nominee,Clive Owen,Closer
2005,supporting_actor,winner,George Clooney,Syriana
2005,supporting_actor,nominee,Matt Dillon,Crash
2005,supporting_actor,nominee,Paul Giamatti,Cinderella Man
2005,supporting_actor,nominee,Jake Gyllenhaal,Brokeback Mountain
2005,supporting_actor,nominee,William Hurt,A History of Violence
2006,supporting_actor,winner,Alan Arkin,Little Miss Sunshine
2006,supporting_actor,nominee,Jackie Earle Haley,Little Children
2006,supporting_actor,nominee,Djimon Hounsou,Blood Diamond
2006,supporting_actor,nominee,Eddie Murphy,Dreamgirls
2006,supporting_actor,nominee,Mark Wahlberg,The Departed
2007,supporting_actor,nominee,Casey Affleck,The Assassination of Jesse James by the Coward Robert Ford
2007,supporting_actor,winner,Javier Bardem,No Country for Old Men
2007,supporting_actor,nominee,Philip Seymour Hoffman,Charlie Wilson's War
2007,supporting_actor,nominee,Hal Holbrook,Into the Wild
2007,supporting_actor,nominee,Tom Wilkinson,Michael Clayton
2008,supporting_actor,nominee,Josh Brolin,Milk
2008,supporting_actor,nominee,Robert Downey Jr.,Tropic Thunder
2008,supporting_actor,nominee,Philip Seymour Hoffman,Doubt
2008,supporting_actor,winner,Heath Ledger,The Dark Knight
2008,supporting_actor,nominee,Michael Shannon,Revolutionary Road
2009,supporting_actor,nominee,Matt Damon,Invictus
2009,supporting_actor,nominee,Woody Harrelson,The Messenger
2009,supporting_actor,nominee,Christopher Plummer,The Last Station
2009,supporting_actor,nominee,Stanley Tucci,The Lovely Bones
2009,supporting_actor,winner,Christoph Waltz,Inglourious Basterds
2010,supporting_actor,winner,Christian Bale,The Fighter
2010,supporting_actor,nominee,John Hawkes,Winter's Bone
2010,supporting_actor,nominee,Jeremy Renner,The Town
2010,supporting_actor,nominee,Mark Ruffalo,The Kids Are All Right
2010,supporting_actor,nominee,Geoffrey Rush,The King's Speech
2011,supporting_actor,nominee,Kenneth Branagh,My Week with Marilyn
2011,supporting_actor,nominee,Jonah Hill,Moneyball
2011,supporting_actor,nominee,Nick Nolte,Warrior
2011,supporting_actor,winner,Christopher Plummer,Beginners
2011,supporting_actor,nominee,Max von Sydow,Extremely Loud & Incredibly Close
2012,supporting_actor,nominee,Alan Arkin,Argo
2012,supporting_actor,nominee,Robert De Niro,Silver Linings Playbook
2012,supporting_actor,nominee,Philip Seymour Hoffman,The Master
2012,supporting_actor,nominee,Tommy Lee Jones,Lincoln
2012,supporting_actor,winner,Christoph Waltz,Django Unchained
2013,supporting_actor,nominee,Barkhad Abdi,Captain Phillips
2013,supporting_actor,nominee,Bradley Cooper,American Hustle
2013,supporting_actor,nominee,Michael Fassbender,12 Years a Slave
2013,supporting_actor,nominee,Jonah Hill,The Wolf of Wall Street
2013,supporting_actor,winner,Jared Leto,Dallas Buyers Club
1990,supporting_actress,nominee,Annette Bening,The Grifters
1990,supporting_actress,nominee,Lorraine Bracco,Good Fellas
1990,supporting_actress,winner,Whoopi Goldberg,Ghost
1990,supporting_actress,nominee,Diane Ladd,Wild at Heart
1990,supporting_actress,nominee,Mary McDonnell,Dances With Wolves
1991,supporting_actress,nominee,Diane Ladd,Rambling Rose
1991,supporting_actress,nominee,Juliette Lewis,Cape Fear
1991,supporting_actress,nominee,Kate Nelligan,The Prince of Tides
1991,supporting_actress,winner,Mercedes Ruehl,The Fisher King
1991,supporting_actress,nominee,Jessica Tandy,Fried Green Tomatoes
1992,supporting_actress,nominee,Judy Davis,Husbands and Wives
1992,supporting_actress,nominee,Joan Plowright,Enchanted April
1992,supporting_actress,nominee,Vanessa Redgrave,Howards End
1992,supporting_actress,nominee,Miranda Richardson,Damage
1992,supporting_actress,winner,Marisa Tomei,My Cousin Vinny
1993,supporting_actress,nominee,Holly Hunter,The Firm
1993,supporting_actress,winner,Anna Paquin,The Piano
1993,supporting_actress,nominee,Rosie Perez,Fearless
1993,supporting_actress,nominee,Winona Ryder,The Age of Innocence
1993,supporting_actress,nominee,Emma Thompson,In the Name of the Father
1994,supporting_actress,nominee,Rosemary Harris,Tom & Viv
1994,supporting_actress,nominee,Helen Mirren,The Madness of King George
1994,supporting_actress,nominee,Uma Thurman,Pulp Fiction
1994,supporting_actress,nominee,Jennifer Tilly,Bullets over Broadway
1994,supporting_actress,winner,Dianne Wiest,Bullets over Broadway
1995,supporting_actress,nominee,Joan Allen,Nixon
1995,supporting_actress,nominee,Kathleen Quinlan,Apollo 13
1995,supporting_actress,winner,Mira Sorvino,Mighty Aphrodite
1995,supporting_actress,nominee,Mare Winningham,Georgia
1995,supporting_actress,nominee,Kate Winslet,Sense and Sensibility
1996,supporting_actress,nominee,Joan Allen,The Crucible
1996,supporting_actress,nominee,Lauren Bacall,The Mirror Has Two Faces
1996,supporting_actress,winner,Juliette Binoche,The English Patient
1996,supporting_actress,nominee,Barbara Hershey,The Portrait of a Lady
1996,supporting_actress,nominee,Marianne Jean-Baptiste,Secrets & Lies
1997,supporting_actress,winner,Kim Basinger,L.A. Confidential
1997,supporting_actress,nominee,Joan Cusack,In & Out
1997,supporting_actress,nominee,Minnie Driver,Good Will Hunting
1997,supporting_actress,nominee,Julianne Moore,Boogie Nights
1997,supporting_actress,nominee,Gloria Stuart,Titanic
1998,supporting_actress,nominee,Kathy Bates,Primary Colors
1998,supporting_actress,nominee,Brenda Blethyn,Little Voice
1998,supporting_actress,winner,Judi Dench,Shakespeare in Love
1998,supporting_actress,nominee,Rachel Griffiths,Hilary and Jackie
1998,supporting_actress,nominee,Lynn Redgrave,Gods and Monsters
1999,supporting_actress,nominee,Toni Collette,The Sixth Sense
1999,supporting_actress,winner,Angelina Jolie,"Girl, Interrupted"
1999,supporting_actress,nominee,Catherine Keener,Being John Malkovich
1999,supporting_actress,nominee,Samantha Morton,Sweet and Lowdown
1999,supporting_actress,nominee,Chloë Sevigny,Boys Don't Cry
2000,supporting_actress,nominee,Judi Dench,Chocolat
2000,supporting_actress,winner,Marcia Gay Harden,Pollock
2000,supporting_actress,nominee,Kate Hudson,Almost Famous
2000,supporting_actress,nominee,Frances McDormand,Almost Famous
2000,supporting_actress,nominee,Julie Walters,Billy Elliot
2001,supporting_actress,winner,Jennifer Connelly,A Beautiful Mind
2001,supporting_actress,nominee,Helen Mirren,Gosford Park
2001,supporting_actress,nominee,Maggie Smith,Gosford Park
2001,supporting_actress,nominee,Marisa Tomei,In the Bedroom
2001,supporting_actress,nominee,Kate Winslet,Iris
2002,supporting_actress,nominee,Kathy Bates,About Schmidt
2002,supporting_actress,nominee,Julianne Moore,The Hours
2002,supporting_actress,nominee,Queen Latifah,Chicago
2002,supporting_actress,nominee,Meryl Streep,Adaptation
2002,supporting_actress,winner,Catherine Zeta-Jones,Chicago
2003,supporting_actress,nominee,Shohreh Aghdashloo,House of Sand and Fog
2003,supporting_actress,nominee,Patricia Clarkson,Pieces of April
2003,supporting_actress,nominee,Marcia Gay Harden,Mystic River
2003,supporting_actress,nominee,Holly Hunter,Thirteen
2003,supporting_actress,winner,Renée Zellweger,Cold Mountain
2004,supporting_actress,winner,Cate Blanchett,The Aviator
2004,supporting_actress,nominee,Laura Linney,Kinsey
2004,supporting_actress,nominee,Virginia Madsen,Sideways
2004,supporting_actress,nominee,Sophie Okonedo,Hotel Rwanda
2004,supporting_actress,nominee,Natalie Portman,Closer
2005,supporting_actress,nominee,Amy Adams,Junebug
2005,supporting_actress,nominee,Catherine Keener,Capote
2005,supporting_actress,nominee,Frances McDormand,North Country
2005,supporting_actress,winner,Rachel Weisz,The Constant Gardener
2005,supporting_actress,nominee,Michelle Williams,Brokeback Mountain
2006,supporting_actress,nominee,Adriana Barraza,Babel
2006,supporting_actress,nominee,Cate Blanchett,Notes on a Scandal
2006,supporting_actress,nominee,Abigail Breslin,Little Miss Sunshine
2006,supporting_actress,winner,Jennifer Hudson,Dreamgirls
2006,supporting_actress,nominee,Rinko Kikuchi,Babel
2007,supporting_actress,nominee,Cate Blanchett,I'm Not There
2007,supporting_actress,nominee,Ruby Dee,American Gangster
2007,supporting_actress,nominee,Saoirse Ronan,Atonement
2007,supporting_actress,nominee,Amy Ryan,Gone Baby Gone
2007,supporting_actress,winner,Tilda Swinton,Michael Clayton
2008,supporting_actress,nominee,Amy Adams,Doubt
2008,supporting_actress,winner,Penélope Cruz,Vicky Cristina Barcelona
2008,supporting_actress,nominee,Viola Davis,Doubt
2008,supporting_actress,nominee,Taraji P. Henson,The Curious Case of Benjamin Button
2008,supporting_actress,nominee,Marisa Tomei,The Wrestler
2009,supporting_actress,nominee,Penélope Cruz,Nine
2009,supporting_actress,nominee,Vera Farmiga,Up in the Air
2009,supporting_actress,nominee,Maggie Gyllenhaal,Crazy Heart
2009,supporting_actress,nominee,Anna Kendrick,Up in the Air
2009,supporting_actress,winner,MoNique,Precious: Based on the Novel 'Push' by Sapphire
2010,supporting_actress,nominee,Amy Adams,The Fighter
2010,supporting_actress,nominee,Helena Bonham Carter,The King's Speech
2010,supporting_actress,winner,Melissa Leo,The Fighter
2010,supporting_actress,nominee,Hailee Steinfeld,True Grit
2010,supporting_actress,nominee,Jacki Weaver,Animal Kingdom
2011,supporting_actress,nominee,Bérénice Bejo,The Artist
2011,supporting_actress,nominee,Jessica Chastain,The Help
2011,supporting_actress,nominee,Melissa McCarthy,Bridesmaids
2011,supporting_actress,nominee,Janet McTeer,Albert Nobbs
2011,supporting_actress,winner,Octavia Spencer,The Help
2012,supporting_actress,nominee,Amy Adams,The Master
2012,supporting_actress,nominee,Sally Field,Lincoln
2012,supporting_actress,winner,Anne Hathaway,Les Misérables
2012,supporting_actress,nominee,Helen Hunt,The Sessions
2012,supporting_actress,nominee,Jacki Weaver,Silver Linings Playbook
2013,supporting_actress,nominee,Sally Hawkins,Blue Jasmine
2013,supporting_actress,nominee,Jennifer Lawrence,American Hustle
2013,supporting_actress,winner,Lupita Nyongo,12 Years a Slave
2013,supporting_actress,nominee,Julia Roberts,August: Osage County
2013,supporting_actress,nominee,June Squibb,Nebraska
